station_id,name,latitude,longitude,altitude,slots,free_bikes,empty_slots
e1593acef03a0fd770595370586bc358,P31 - Estación Canal 13,-33.428334,-70.627312,599.0,13,6,7
3983dd515589a80338dd44a28f5ec414,V34 - Mestizo,-33.394,-70.6,655.0,23,8,15
405a3a5ca08c7536d3eb286cf8553025,V10 - Casa Costanera,-33.398,-70.598,653.0,11,8,3
0e8dfc3f137cb3911bd32f5fd45e0f93,V35 - Municipalidad de Vitacura,-33.398,-70.601,645.0,15,9,3
bdf4fc889476008ea8c644640f306bbc,V07 - Bicentenario,-33.401,-70.602,646.0,17,8,8
477882df2d31d623abade49bdf25e0df,P37 - Obispo Salas,-33.437437,-70.627979,595.0,15,11,4
735311a8ce873508276f5bd302b7ee30,P36 - Carlos Antúnez /  Barros Errázuriz,-33.427396,-70.613888,616.0,27,21,6
cf259640d9cb69c5797fef69be2b2de0,V39 - Pedro Canisio,-33.40023,-70.577895,688.0,11,2,9
7bd8ad6395509f08cc2e711143e444cf,N14 - Plaza Augusto D'Halmar,-33.4377669,-70.5780226,632.0,19,6,13
b0375d378612dbb5f0d47d3ea97b34b7,N03 - Club Nunoa,-33.44851884,-70.58293104,614.0,11,5,5
eba0411421492675688381deae9c9690,N04 - Hospital Carabineros,-33.45057329,-70.6098175,587.0,15,13,2
9c9a20776a743c0c3c22d830a53e9c40,N08 - Manuel Montt / Union Literaria,-33.44799515,-70.61342239,582.0,15,9,6
39eb600831fdc9650063ca675cae6474,N12 - Plaza Nunoa,-33.45457462,-70.59325218,600.0,22,12,10
bf2bd19fe4876ba8f245b0a0014e0f17,N01 - Irarrazaval / Agustin Vigorena,-33.45538919,-70.58642596,604.0,15,10,5
558b5143b0d6480940e551f6bcc9fdf8,N10 - Metro Plaza Egaña,-33.45261426,-70.57100594,623.0,17,15,1
183c0afbd2b3824204f4433b4fe7e2ac,V06 - Vespucio / Vitacura,-33.39909006,-70.58823913,680.0,14,9,5
05821b3d2e87dc1f1d9cc9ebd6d4d121,V43 - Plaza Lo Castillo,-33.40037538,-70.59274524,661.0,15,11,4
515380f1d26844a45923bb8d5e4ce4b6,I06 - Mall Independencia,-33.4248825,-70.65469891,559.0,10,7,3
0c99ee0b13355f5e588ec62143918b8d,I04 - Molino,-33.41844854,-70.66366017,544.0,14,10,4
c5d9a5316c77696229fc0a118fa57e11,I01 - Metro Hospitales,-33.4178575,-70.65614462,555.0,15,12,1
136ee88e6c70715f4b2b51658eb3a563,S64 - República / Gorbea,-33.45354969,-70.66720605,543.0,15,14,1
95ba660d8126bac93b9881bd26238211,S30 - San Pablo,-33.43440048,-70.65666229,560.0,14,2,12
e6ebb27fb55ff20c6c6d3d213e5ac4f8,S18 - Metro Santa Ana,-33.43812949,-70.65915942,555.0,23,16,7
72991751fac2544c78666c0554568ef5,S25 - Plaza de Armas,-33.4371178,-70.64951152,578.0,18,13,5
61e752fc3dc6b09e9de81044c5d46877,S01 - Agustinas / Manuel Rodríguez Norte,-33.44173748,-70.65941155,552.0,17,16,1
e30e0892534ccc73f04093dd68c4ba18,V37 - Naciones Unidas,-33.40705698,-70.60117543,645.0,34,17,14
f47c8caaaa286888b55394a7e14b1510,S16 - Teatro Municipal,-33.440293,-70.647084,582.0,11,11,0
78fc95854f6c1643f5902b7cfc3e4d3a,P46 - Román Díaz,-33.4336798,-70.6208233,601.0,11,8,3
cb35387160fbefff0c8757457c4a04e4,S46 - Metro ULA,-33.449216,-70.672539,538.0,15,6,9
0f682aea93c07817ec51bb8870162b3b,V05 - Americo Vespucio / Las Hualtatas,-33.4039829,-70.5861602,673.0,15,5,10
a547b3e5b959c26c2555219583d434d9,P48 - Parque de las Esculturas Poniente,-33.420876,-70.614987,609.0,15,2,13
d066dd122e236fe52782b1bedba59537,P59 - Los Estanques,-33.435136,-70.608705,606.0,11,4,7
21d7422a6cfa70b5fc1b2aa8254a696c,P10 - Metro Manuel Montt,-33.428673,-70.619841,606.0,17,3,14
e8a20b3966a51b19d63d51d438026a0d,P43 - Los Españoles,-33.421237,-70.616921,613.0,11,7,4
0687a2ca2c61c5506bc5704be1368184,P44 - Andres Bello / Padre Mariano,-33.423521214382866,-70.61862420621684,617.0,11,9,1
a3c48fbfd528b71cb4d0b4bb710e173a,P01 - Andrés Bello / Gral. Holley,-33.41934560623177,-70.60962486853592,621.0,25,20,5
0f05e76ed818a2f2754e1126ce25ad13,P05 - Costanera Center 2,-33.41704537213051,-70.6049698654548,626.0,15,6,9
5c4795b049b597f3cd80e90403cf5f05,P18 - Metro Tobalaba,-33.418576632407984,-70.601339781629,634.0,23,10,13
c393f4dec0bacaf5f06dfbac66cfdba0,P38 - Québec,-33.436129,-70.625881,592.0,15,4,10
4e624a9cc27bb3bcf395e42f5609e81a,P50 - Las Esculturas Oriente,-33.419241,-70.611813,616.0,17,6,10
c36e3dd824aa336d109d36a74c905061,P19 - Municipalidad Providencia,-33.432688,-70.611354,608.0,18,15,3
aa1f4fdf37bdad8aa87dd4ea5a6d92ff,P20 - Nueva Los Leones,-33.419709,-70.606181,631.0,22,11,10
cf17b9923cf2ade6f3d89047a03debfe,S37 - FAU,-33.441621,-70.638411,593.0,14,1,13
045a970ec28e1118487d0f8306f05486,S40 - Erasmo Escala,-33.44523,-70.668044,543.0,19,12,7
7b06a369ee3eb492538f3d1a902d86b3,P24 - Plaza Río De Janeiro,-33.432371,-70.593848,626.0,15,5,10
f7163b7a3efb57dcc25a327a747939cc,P25 - Bilbao / Ricardo Lyon,-33.437704,-70.603752,612.0,15,7,8
a47f6bb2309f4131a804c34c0651cefe,P26 - Mar del Plata / Ricardo Lyon,-33.432433,-70.606035,620.0,14,3,11
d9c2b32f528795be56279d487a64cc1e,P28 - Ricardo Lyon / Pocuro,-33.435326,-70.60463,612.0,23,6,15
db9e74e4d9502fc22747ea6046815424,P29 - Santa Isabel /Ana Luisa Prats,-33.445328,-70.617757,586.0,15,15,0
021a7872f67d0ddb1942e70fd96748c0,P32 - Valenzuela Castillo / Miguel Claro,-33.43549,-70.619374,596.0,11,9,2
723877f84ca11e688d741fb8eb1b3b84,S02 - Metro República,-33.448685,-70.668177,545.0,15,12,2
e770a4fd434f7477fb07756d54463306,S03 - Teatinos / General Mackenna,-33.433263,-70.655903,564.0,15,3,12
4aea9d9b379208fd2914db880701ff27,S05 - Metro Bellas Artes,-33.436449,-70.644408,584.0,18,13,4
95daa3b98d57eb58e75901158b4f60a2,P58 - Unidad Vecinal Providencia,-33.429112,-70.616957,618.0,11,4,7
1dfc2cf6a191dda80abb266ead1fc4d3,S09 - Santo Domingo / Morandé,-33.43662,-70.654184,566.0,19,10,9
015993172e4f55844cc77b27ce824645,S11 - Metro Toesca,-33.452785,-70.657654,551.0,31,24,7
5fd42488ce861c1f484aa149169074a3,S044 - Plaza Manuel Rodríguez,-33.45153,-70.665631,547.0,10,2,8
f59d6cae25bf54c1478e4b748ac01d2b,P56 - Ambasciata,-33.4417157,-70.6180035,587.0,15,1,13
e25e741edb5da259920d594d3b3ef4a8,V02 - Alonso de Cordova,-33.40200104,-70.59432238,660.0,11,5,6
d6a035baa9a803ba5a59af1efc07b711,P49 - Fco Bilbao / Román Díaz,-33.4399119,-70.6197889,591.0,11,10,1
af90684aa689f2f4ad0bca85018d06ec,S34 - Parque de los Reyes,-33.4292186,-70.66931029999999,546.0,23,15,8
4d913c2fe7a3198b526103210eeb69d9,S35 - José Miguel Carrera,-33.4542853438419,-70.66288852778817,544.0,11,6,5
34a87eb0831d2c4cc991f3af293a0694,LC019 - Metro Alcántara,-33.41581830575392,-70.58955562468736,656.0,15,9,6
dcfcd2a5e7544186c17316ef6414d0e6,LC017 - Sánchez Fontecilla / Cristóbal Colón,-33.426175658941176,-70.59060368235784,637.0,11,7,4
32aef35ffb54653496650a5546189e52,LC015 - Isidora Goyenechea / El Bosque Norte,-33.4140291,-70.602333,638.0,11,8,3
80abd3e8b2a5940d3653630257967de3,LC034 - Zurich,-33.4152724,-70.6037396,648.0,15,4,10
4ddc39ec137694a0361a56e4c5a5b942,LC067 - Isidora Goyenechea / Carmencita,-33.41427590000001,-70.5980594,651.0,14,2,12
2c553bfd2d6e1f43577e631f2dd38c85,LC071 - Burgos / Apoquindo,-33.4156454,-70.5878764,656.0,11,3,8
aee154e65a12a56c62de5261263d7b37,LC032 - Padre Hurtado / Pdte Kennedy Lateral,-33.39028,-70.54789199999999,750.0,14,3,11
90352566ee5193e528aeadc8f07619f1,LC014 - Parque Araucano,-33.40372745514259,-70.5734289534596,690.0,17,5,11
961fadb450cb81b500afb4d88241eccc,LC020 - Manquehue Sur / Cristóbal Colón,-33.41694682812556,-70.56464568023173,682.0,11,8,3
e7e1ccb2532c8b2e98221a85318d2dd3,LC064 - Luis Rodríguez Velasco - Cnel Pereira,-33.4134215,-70.5796304,675.0,15,5,10
9c61665b5224d7e54ef1755d279464e7,LC039 Tomás Moro / Apoquindo,-33.4084859,-70.5520471,710.0,11,5,6
b977bdf7103523632a00288d6c0415cb,LC016 - Plaza Juan Pablo II,-33.42733804187964,-70.57879243580396,650.0,10,8,1
1eb570c51afabd13d72d78310291c26b,LC072 - Estadio Israelita,-33.397738,-70.550654,729.0,11,6,5
1e87883075b58855588a1080ca8166f2,LC048 - Latadia / Américo Vespucio,-33.4281661,-70.57404129999999,653.0,29,25,4
f53dcce8aa6dad42c91ac44153dba370,LC092 - Manquehue Sur / El Director,-33.4127497,-70.5662998,686.0,11,4,7
9f8ab958d4363ad4cf27e273ca1aa390,LC053 - Sebastián Elcano / Victor Rae,-33.4300871,-70.5698905,652.0,15,8,7
0046f093db7125380956ca0bbf51c8bd,LC089 - Chesterton / Bocaccio,-33.4004881,-70.5475081,730.0,7,3,4
12878230b36ee64d0147083af21a8dff,LC026 - Alcántara / Vaticano,-33.427321,-70.584462,640.0,10,5,4
e3145fcc02a7cb79e87a2f4a1b34e1e7,LC007 - Centro Cívico De Las Condes,-33.4155375,-70.595691,649.0,17,11,6
1ca916d8dce1853905d8a9213fc00cd5,LC074 - Del Inca / Antonia Salas,-33.4161112,-70.5768415,671.0,7,1,6
9cff6cb2791596b9c6babf352b74c881,LC061 - Apoquindo / Hans C Andersen,-33.41445,-70.58614620000002,662.0,11,2,9
6b67a2e5012f07dd8562b1206a090cce,LC065 - Alsacia / Apoquindo,-33.4154148,-70.59053209999999,654.0,11,4,7
7335bfc74815d7ff3d4a1d249d4c9b4a,LC049 - Presidente Riesco / Américo Vespucio,-33.410646,-70.5866266,664.0,11,2,8
721b4bab82e0cb3b2eb8c24cb0710b30,LC093 - Los Estandartes,-33.408274,-70.5831105,671.0,7,3,4
3020dce478feda910f31b82af36d18e2,LC047 - Apoquindo / Luiz Zegers,-33.41092,-70.573725,685.0,11,5,6
cad8f47ee111bf1a0d8c04e3ab50e900,LC079 - Mallalil,-33.4292933,-70.553979,677.0,15,9,6
e1f49a5f2ebecf60c9d5bb348439f76e,LC030 - Martín de Zamora / Algeciras,-33.4191612,-70.57765429999999,668.0,7,4,3
86c7bd1f59aea916e6dbcb4feba11ba9,LC086 - Tomás Moro / Alejandro Fleming,-33.4255758,-70.5541926,675.0,11,5,6
d236b6e05f76b1446a31e5a9fc268e94,LC029 - Málaga / Rapallo,-33.4208819,-70.5845528,649.0,10,4,6
f9e8b1b5a737986055b0201924ebeae5,LC011 - Metro Hernando De Magallanes,-33.40832863543705,-70.5565240534757,709.0,19,6,13
ffdc2defebece5b38ece7b3a08057f0d,LC001 - Barrio El Golf,-33.413801544849235,-70.59253647645858,654.0,11,8,3
b4e229733ffaa512af63afee108fb702,LC076 - La Posada / San Antonio,-33.3757793,-70.5097322,824.0,7,4,3
730bf18458b514bcf157d8903f12db2a,LC045 - Cristóbal Colón / Padre Hurtado,-33.4165857,-70.5390291,714.0,11,7,4
6c112159f2b2121c300f5bdf41d47658,LC075 - La Oración / Gerónimo De Alderete,-33.4012095,-70.55960879999999,714.0,7,5,2
24ffdd9317be43ca544ffec9f4d957dc,LC038 - Plaza Brasilia,-33.3969404,-70.5674702,705.0,11,7,4
9c00c9be4009c8b5a4f324ef558239a7,LC004 - Plaza Valenzuela Llanos,-33.4008125,-70.5551709,719.0,11,1,10
d5f12eaaccf213d20754fcc1d3f9a1b7,LC005 -  Corporación Cultural De Las Condes,-33.4070468,-70.5615226,702.0,17,1,16
79963436fde4efbdd4aef2fb66359525,LC068 - Metro Manquehue - Sur,-33.4088654,-70.5670528,692.0,15,10,5
676de0dd8e0e7e511f40f082e060106f,LC082 - Plaza Domingo Bondi,-33.419611,-70.568072,678.0,11,6,5
bf174f25dd7f6bbedcc402f755743184,LC013 - Rotonda Atenas,-33.4179749,-70.5525521,691.0,11,2,9
57f89e256a5353bb489a9114c1af35e3,LC028 - Mar De Coral,-33.3982757,-70.56019429999999,714.0,11,1,10
5ffa4d7a1b7c5bd7e47344b7c6bc029b,LC056 - Imperial,-33.4145242,-70.5498078,700.0,7,3,4
d1d546c0e7706189763dccdc63a5fde6,LC023 - Plaza Don Raúl Simón Bernal,-33.4235780792372,-70.58067407396899,657.0,11,3,8
75aebbe27c472b269d26b0cac6eda1c6,LC059 - Sánchez Fontecilla / I. La Católica,-33.4310329,-70.58473169999999,638.0,11,0,11
4a7c7176fbf1c023c3f4ad5c582e91bc,LC009 - Municipalidad De Las Condes,-33.40549081857746,-70.5791676265988,670.0,15,4,11
90498359a21240326d9a012426d4c9aa,LC022 - Tobalaba / Apoquindo,-33.418268939793215,-70.60118541119313,634.0,11,6,5
31e869065ec137091d67dfc7b76bfcde,LC078 - Libia / Av Las Condes,-33.3909611,-70.54205209999999,754.0,11,2,9
44ebcf45bc2f09921966535464f6231b,LC058 - Plaza Horacio Rivarola,-33.4211361,-70.5701677,667.0,15,14,1
ef6c54cae0e3414cd8bc8b433bfa3be3,LC057 - Paul Harris / Cristóbal Colón,-33.4159931,-70.534176,729.0,11,4,7
71c7b1f5d1123d65d93b1bb0e985e3fd,LC081 - Padre Hurtado / Alejandro Fleming,-33.4236346,-70.5379851,715.0,11,5,6
feb105361ab73fb9d7c0dfabbd51d26e,LC012 - Metro Los Dominicos,-33.40797489140219,-70.54575441113255,722.0,15,6,9
2c944615f2c5d991d1669e4ee94c97d3,LC062 - Visviri,-33.4206399,-70.5401847,706.0,15,5,10
3270dfbcbc0dbc0dd43b29ea6a5cfc9c,LC054 - Padre Hurtado / Bocaccio,-33.4007972,-70.5446053,733.0,11,1,10
3d0ddc0002595291368627c01195ed79,LC066 - Cerro Colorado / Rosario Norte,-33.4021838,-70.5754187,686.0,19,6,13
d5b4d2c12cc3b9b1529701ee24054149,LC003 - Ómnium,-33.411497,-70.576974,677.0,11,5,6
ea6c817356aa0e0f58df55909806f6c4,LC090 - Plaza República de Paraguay,-33.4179055,-70.5813515,667.0,15,3,11
f1eed881dfb51c6b6c646a7b3b3abc7c,LC040 - Manquehue Sur / Alonso de Camargo,-33.420719,-70.5643838,683.0,15,6,8
57f48b4da298a1d34ac1cf7de5798283,LC085 - Plaza La Condordia,-33.4275939,-70.5705392,657.0,11,5,6
59d75093bb11e56603be51094f401a1d,LC055 - Mall Los Dominicos,-33.4142511,-70.5399329,709.0,11,2,9
a4136ff4b284affc3e34917a7286fcc5,P64 - Seminario / Ricardo Matte Pérez,-33.4399122,-70.6300545,583.0,14,9,5
9759e412259b81fb18eb12adf5caaaa8,LC024 - Américo Vespucio / Pdte Kennedy,-33.4059514,-70.586164,680.0,17,4,12
f66f1b1eac89be153c625423d89a69f9,LC037 - Manquehue Sur / Isabel La Católica,-33.4251273,-70.5636526,672.0,19,15,4
bde0622e2e2c885c602ddc359b7115ee,LC036 - Las Condes / Valle Alegre,-33.3782835,-70.5283718,788.0,11,6,5
13fd81a5b01946c0cd5ccf458a093f9c,LC041 - Gertrudis Echeñíque / Callao,-33.4178783,-70.59109029999999,652.0,10,4,4
4348be487658ac749c0a09a445df7a7f,LC069 - Cristóbal Colón /  Fuenteovejuna,-33.41743,-70.546534,697.0,7,3,4
83445c6eb45e197f6fa40f9446ae0dcc,LC073 - Padre Hurtado / Camino El Alba,-33.4058465,-70.54322979999999,726.0,11,2,9
abc5c56a2aa51a6541cfb03b17dd3aee,LC025 - Noruega,-33.4028914,-70.5620934,709.0,11,5,6
17db4c1637f146f9820d00e8a8a9f656,LC042 - Padre Hurtado / Las Condes,-33.3944148,-70.54495949999999,740.0,11,4,6
440e303f2c94f416ff1c76fb78621baa,LC063 - Isabel La Católica / El Pillán,-33.425092,-70.55987999999999,668.0,11,8,3
44141dd00a79272e14e962d4ecaba83e,LC077 - Mall Sport,-33.3707813,-70.5073122,829.0,14,9,5
8845a95b2ea7a9ccde5110a7dbe6c0b4,S24 - Plaza Yungay,-33.4391272,-70.6734505,540.0,18,5,13
512e7dee8d33e2f6c5fa15b1b717e8e9,S57 - Beauchef,-33.4575027,-70.6639914,548.0,23,13,10
69688ba09d11513b700913cca91dcc76,S58 - Domeyko / Av. España,-33.456969,-70.669086,536.0,19,12,7
e89611b5149d9e5575282eff55b4d9a5,P70 - Metro Santa isabel II,-33.4472914,-70.6300212,576.0,10,4,6
241752702561661929a628a382ab6011,P67 - Nva. Providencia,-33.4215834,-70.6083191,627.0,19,16,1
45d51e231d79a803aa7b2d1a41d1fc3f,P45 - Eliodoro Yañez / Holanda,-33.429568,-70.600625,620.0,14,2,11
0dad76a726b94c9512230af01243c86b,P60 - Suecia / Carmen Sylva,-33.426609,-70.60608739999999,626.0,10,4,6
4b67bf22ade79451105e4cbb80e60dc9,P53 - Plaza Inés de Suarez,-33.437214,-70.611594,602.0,19,15,4
ba04f5733f1c37c157fe342150b71335,LC088 - Cerro Colorado / Manquehue Norte,-33.400607208311925,-70.57041189321937,695.0,19,6,13
440a8dc29e74f6a9614332e543480a09,P22 - Plaza Loreto Cousiño,-33.428376,-70.594844,632.0,19,8,11
a2a59032c677ca31f00e1cd9464ad4c0,N11 - Metro Simon Bolivar,-33.44624055,-70.57212174,630.0,11,5,5
fbbe822b1160fe03fe11250d373d514d,N05 - Irarrazaval / Hamburgo,-33.45391222,-70.57601631,617.0,19,18,1
959d531d1b3c809a939cf3c4d46f4782,P41 -  Pedro Leon Gallo / Julio Prado,-33.441835,-70.622069,586.0,11,3,6
ba7c642e31215f3b0869f8ff6887c393,P14 - Metro Baquedano 2,-33.437872,-70.632628,587.0,19,3,16
e2de2f518911b02e8f94c20e38aad6f4,N17 - EMPART,-33.459305,-70.622923,566.0,19,8,11
538a8619e10cd33ea32b90ae428e74c9,N16 - Polideportivo de Ñuñoa,-33.466891,-70.588843,592.0,15,11,3
d4eca963247bd7c88276eef1295a563c,LC098 - Cantagallo,-33.373503,-70.518313,810.0,7,4,3
cf82a49da234dca3281e8dabbf84a949,N02 - Jose Pedro Alessandri / Irarrazaval,-33.4550031,-70.5983212,591.0,23,4,17
937694f3dc380aeee60cd7e91bb15162,N09 - Irarrazaval / Brown Sur,-33.455446,-70.591529,599.0,14,2,11
48a991171444b60c45b0e1df2f0813df,S21 - Metro Quinta Normal,-33.4405423,-70.68000555,535.0,19,16,2
32d5cf7228460cfbeb0a1f3393279acd,P51 - El Vergel / Luis Thayer Ojeda,-33.431525,-70.598038,630.0,11,1,9
633e9aef82af325e349212895633bc1a,N46 - Av. Irarrázaval / Suecia,-33.454407,-70.600099,590.0,14,7,7
054305243a7de00167a98a4c5a5e380a,P30 - Lo Contador,-33.420188,-70.618145,615.0,23,6,17
870e03e7f4ef80e192caba0e657d4aa7,P13 - Fidel Oteiza,-33.426074,-70.613563,620.0,23,20,3
e8ac3abc1615558385143b56c24b6fb8,N47 - Unimarc,-33.448787,-70.598339,599.0,19,16,2
25cc1a89ad14c077a541b5fadc401366,LC046 - Padre Hurtado / Gral. Blanche,-33.409368,-70.5419713,718.0,10,1,9
d9f51d21a0e334cccb23744c6b35ed3b,LC050 - IV Centenario / Apoquindo,-33.4088502,-70.56529230000001,694.0,11,3,7
685c6ced0ccf7889bb38f3b54a080b63,S13 - Universidad Católica,-33.4406591,-70.6395632,593.0,22,14,7
cae091435edbc16509a81d2d545f7741,P34 - Santa Victoria / Bustamante,-33.446208,-70.630302,576.0,11,2,8
b3fff54c6014779c3ce762ce68e314c0,P47 - Ibis Providencia,-33.42942,-70.621264,605.0,15,7,8
4ca8eed1511b24187ce0b6dd783c7c4e,LC083 - Padre Hurtado / Nueva Bilbao,-33.4270011,-70.5385538,714.0,11,4,7
411e133c2c781b66593ff8e7006a2d3f,LC035 - Escuela Militar,-33.413342,-70.583412,660.0,7,3,4
d9a883783e3eb93351c76f8d24ccf675,P15 - Manuel Montt / Andrés Bello,-33.427612,-70.622221,603.0,15,5,10
a4332358f11a81db913cb123b53c9de8,LC018 - Fiscalía Local De Las Condes,-33.40663036908143,-70.57264295352265,692.0,11,1,10
935025314abd72051859b3e66fa6e799,P08 - Metro Colón,-33.426507,-70.591061,637.0,19,11,8
e486e30476fd2361add6d6de8d33922d,P62 - El Cerro,-33.4155224,-70.6173189,625.0,11,6,5
db285809af3a74928dbe26332486a4a6,S32 - Gorbea,-33.451742,-70.659621,548.0,11,6,5
1c7921fc115cdbb4b2ae041ad34105bf,LC084 - Presidente Errázuriz / Alcántara,-33.4203594,-70.5883217,651.0,11,6,4
f3bb062edf6f6451b8f5a483bedeeca0,LC027 - IV Centenario / El Galeón,-33.4146643,-70.5576141,693.0,9,5,3
4b85a96c2ca18ec7309d5072a9261bb3,P03 - Suecia / El Vergel,-33.432821,-70.603629,618.0,11,4,7
67f432d51b287d74e17efdd4932f707a,P16 - Metro Salvador,-33.43243454013404,-70.62630283643722,595.0,26,14,11
b5269664931bb6c30b3859df5321e040,LC087 - Hospital DIPRECA,-33.4165843,-70.5294698,759.0,11,6,5
29a00ed049c81cfcb04f719fc1e85e1f,P12 - Puente Pedro de Valdivia,-33.42235794129878,-70.61449773354506,617.0,15,7,8
8886b911eba35b343b7abbe90270d341,V30 - Los Laureles,-33.40310719,-70.58984846,663.0,11,3,6
39f0158ce045ebf24b48035d9d3751d8,LC031 - Presidente Errázuriz / Enrique Foster,-33.420735,-70.592328,646.0,10,2,6
ad501b1938eccda3b2bdaac8fbfa3921,LC006 - Parque Titanium,-33.413638,-70.605777,628.0,11,11,0
ca71578b9ff5c3086bb1683947a9d557,P42 - Lota / Tobalaba,-33.421639,-70.597324,635.0,15,7,8
99b80739d611f9386e36bce3d1b3446a,LC044 - Lat. Kennedy / Gerónimo de Alderete,-33.3947611,-70.5606097,715.0,10,6,4
834b92703b2e560521352b0c689a3d7f,S29 - San Martin / General Mackenna,-33.433,-70.659,557.0,14,13,1
15a2c8637d16bf220444d2520c9dcc69,P07 - Eduardo de La Barra,-33.445318,-70.611985,589.0,11,5,5
2de9be273aba3e100286c2ad96a1b2ae,LC094 - Sánchez Fontecilla / Martín De Zamora,-33.4246794,-70.5922775,637.0,7,4,3
fd7cae7b91374275718bc95f6dccd913,LC008 - San Crescente,-33.417277240611966,-70.59541272226964,649.0,10,5,5
8140b3d0413e2cc2e5735c4768ca9a45,S45 - Cueto,-33.432545,-70.673192,541.0,11,6,5
3be8acb292d98b6022201a3f745e9f54,P27 - Ricardo Lyon / Lota,-33.424001,-70.608913,627.0,29,28,0
2476812b34d6618d9b9bbfb4c509cd41,LC051 - IV Centenario / Manuel Claro Vial,-33.4274516,-70.5425892,702.0,11,6,5
011f0a19d987734f4fb24633312b3a20,V40 - Paul Claudel,-33.40511346,-70.59719235,654.0,14,6,8
b26beb6601010da706fb6a1c44f0b140,LC080 - Manquehue Sur / Carlos Alvarado,-33.4293688,-70.56504509999999,654.0,15,14,1
39f6374f33ea82dd908ffba4bb5c0131,P57 - Galvarino Gallardo,-33.428773,-70.607261,620.0,11,5,5
eefd9aa3f553ab4d75d52f68a5ff90d4,N13 - Ricardo Lyon / Hernan Cortes,-33.44673291,-70.6025058,600.0,15,5,10
752d1e64b9000f4427f08ab111413524,P52 - Holanda / Pocuro,-33.434255,-70.599488,617.0,15,11,4
0c4bd69ccf9687bbaa29949ec5eb9e1d,LC002 - Hendaya,-33.41633538695514,-70.59272831797007,647.0,11,6,5
656c92788fdcf566f93bf8761a3bc898,N06 - Metro Nunoa,-33.45394803,-70.60567081,589.0,22,14,8
7107177993db3b28510d1c549988933e,P21 - Patio Bellavista,-33.4341698,-70.6344606,587.0,23,1,20
5bd912067df80342bb7bd17d4b18ea46,N07 - Jose Luis Araneda / Capitan Orella,-33.45252027,-70.60139537,590.0,15,12,2
c096dc861afc380850a1c9b9d640d371,P09 - Metro Francisco Bilbao,-33.430764,-70.586271,635.0,11,6,4
39fb0ddb2a3faa9faf2954d8a1ef9d88,S39 - Metro Parque Almagro,-33.45132971,-70.65060318,560.0,34,24,9
a142351876dc5f6c8efca37a8963a934,LC100 - Estocolmo / Los Militares,-33.403871,-70.565809,703.0,11,6,5
f5d79355dc2aa81734eb8675fa230034,N19 - Antonio Varas / Irarrázaval,-33.453496,-70.608902,582.0,15,9,6
c560ed81fd684e176abe8fb531882b64,S27 - Teatinos / Huérfanos,-33.43979026,-70.65515488,585.0,17,6,11
2f994ef471b3b12395c2df33ad886cf5,P35 - Seminario / Marín,-33.444268,-70.629237,581.0,17,4,12
9c4f3c7717ba85c6402507c0e2af861a,S54 - Plaza Ercilla,-33.456762,-70.659876,548.0,22,8,14
92cff64cc11ab536839dcac1bb72dcbb,IT001 - ITAU,-33.4042975,-70.57380549999999,681.0,11,4,7
6708e8efa07bd6e88fa07ed013479fff,LC052 - IV Centenario / Alejandro Fleming,-33.4244074,-70.54617619999999,693.0,11,4,7
a3f95c2e15425ea0d5831ba8f23e39ba,P11 - Metro Parque Bustamante,-33.442627203427,-70.63180210307577,584.0,17,7,10
18538b14344aae003e57364b0d41f384,LC070 - Alonso De Córdova Interior,-33.406487,-70.5758919,689.0,7,2,5
06710a31e4139e53ba764baa9945e0d1,LC033 - Vitacura / San Patricio,-33.4112801,-70.60241359999999,638.0,15,12,3
dca39a5b716d4180348f79a9c180aa9c,N15 - Dublé Almeyda,-33.453795,-70.621735,574.0,11,3,8
06d7c110b384129303c02a225ff0cecb,P02 - Italia / Marín,-33.443928,-70.625648,582.0,11,5,5
268a84b54c366e65ddc8911c306c3320,LC096 - La Casona,-33.374901,-70.5051811,835.0,11,7,4
47602b7efdc9eabead807f7811436ade,P04 - Costanera Center 1,-33.417172,-70.605496,626.0,40,22,17
23b9b822c98a941832c757a59ccdacd8,LC010 - Metro Manquehue - Norte,-33.40852352496088,-70.56696175034541,692.0,15,2,13
427600a1a58c5bc65dff5b59c7a0de71,S41 - Fanor Velasco,-33.445385,-70.65931,556.0,11,4,7
203d5ff11fe62fefdd74920ddd431c15,S50 - Gral. Jofré,-33.445234,-70.636777,576.0,12,3,8
a4d0e2a0797371a0c79d553d3ca901d4,S80 - Nataniel cox / Miguel Olivares,-33.4489077,-70.65328210000001,564.0,15,8,7
2b55b901c8f030c4b29d6413a124094f,LC060 - Rotonda La Capitanía,-33.4136204,-70.57035739999999,681.0,10,2,7
19727f167985b73393dd85ad03022b0f,S19 - Palacio de La Moneda,-33.442268,-70.654792,578.0,33,24,7
8a67a2974778daaeecbd1ad72f12467a,P06 - Duoc (Antonio Varas),-33.4327067,-70.6156677,605.0,10,3,7
40b60346aa249bb417baad0cba1f2739,S12 - Barrio Lastarria,-33.43795,-70.641136,582.0,10,5,5
781f96b7e332067821ec87a594fb180b,S07 - Metro Los Héroes,-33.44769526,-70.66129178,553.0,11,6,4
7bc7947d590370f385e4c089dcea3926,LC091 - Las Tranqueras / Pinares,-33.3944466,-70.5536266,731.0,7,4,3
5594f72a9712a7d319d1711757a363a4,P39 - Parque Balmaceda,-33.435753,-70.631313,590.0,15,6,9
7fb572b94dcf87b1eabb5a40960a525e,S31- Argomedo / Portugal,-33.449535,-70.635145,571.0,23,1,20
7f53f08fa1866e9045308866987f02ff,S23 - Portugal / Santa Victoria,-33.447,-70.635,572.0,18,1,17
a7a6f38754bf5a94c1e4ee73acb9a228,P55 - Pérez Valenzuela,-33.42520370523797,-70.61982353418296,605.0,11,10,1
dd858289d4a21b7980dc757bb2c601b6,S20 - Metro Santa Lucía,-33.44209559,-70.64435899,575.0,14,13,1
44ade0a0256e24e59138fc59e919885d,S17 - San Isidro / Santa Isabel,-33.450176,-70.643055,562.0,26,15,11
567a61a1973d976e2c9916f962360cc6,S14 - Santa Isabel / Carmen,-33.4497559,-70.6414542,566.0,14,8,6
ef753058839a19b60e1e7f614c8bf87f,P23 - Metro Inés de Suarez,-33.438569,-70.60657,600.0,12,4,8
